"","university_name","lon","lat"
"1","University of British Columbia",-123.2459939,49.2606052
"2","University of Pittsburgh - Pittsburgh Campus",-79.960835,40.4443533
"3","Nagoya University",136.967573,35.153491
"4","Case Western Reserve University",-81.6083838,41.5043413
"5","Tohoku University",140.874074,38.253834
"6","University of Texas MD Anderson Cancer Center",-95.3969227,29.7071429
"7","University of Nottingham",-1.1951582,52.938636
"8","Mines ParisTech",2.339632,48.845585
"9","University of British Columbia",-123.2459939,49.2606052
"10","University of Pittsburgh - Pittsburgh Campus",-79.960835,40.4443533
"11","Keio University",139.7429376,35.6489643
"12","University of Texas MD Anderson Cancer Center",-95.3969227,29.7071429
"13","Lomonosov Moscow State University",37.5286695,55.7039349
"14","Nagoya University",136.967573,35.153491
"15","Tohoku University",140.874074,38.253834
"16","Keio University",139.7429376,35.6489643
"17","Waseda University",139.7208045,35.7092082
"18","Lomonosov Moscow State University",37.5286695,55.7039349
"19","University of Pittsburgh - Pittsburgh Campus",-79.960835,40.4443533
"20","University of British Columbia",-123.2459939,49.2606052
"21","Tohoku University",140.874074,38.253834
"22","Kyushu University",130.4250445,33.6266584
"23","Tokyo Institute of Technology",139.6835302,35.6051229
"24","Erasmus University Rotterdam",4.525585,51.91752
"25","Case Western Reserve University",-81.6083838,41.5043413
"26","University of Texas MD Anderson Cancer Center",-95.3969227,29.7071429
"27","Yonsei University",126.938572,37.565784
"28","Uppsala University",17.6300093,59.8509005
"29","Korea Advanced Institute of Science and Technology (KAIST)",127.3640249,36.3693921
"30","University of São Paulo",-46.7307891,-23.5613991
"31","Nagoya University",136.967573,35.153491
"32","Université libre de Bruxelles",4.3822222,50.8132068
"33","University of Nottingham",-1.1951582,52.938636
"34","Osaka City University",135.505417,34.5919232
"35","Indiana University-Purdue University Indianapolis",-86.176177,39.774162
"36","Mines ParisTech",2.339632,48.845585
"37","University of Göttingen",9.9374004,51.5408116
"38","University of Massachusetts Medical School",-71.7610714,42.2772479
"39","Complutense University of Madrid",-3.7285872,40.4478246
"40","University of Liverpool",-2.9655722,53.405936
"41","Karlsruhe Institute of Technology",8.4170303,49.0119199
"42","Joseph Fourier University",4.915197,44.91763
"43","University of California, Riverside",-117.3280644,33.9737055
"44","University of Tennessee, Knoxville",-83.9294564,35.9544013
"45","North Carolina State University",-78.6820946,35.7846633
"46","University of Oklahoma - Norman Campus",-97.4457137,35.2058936
"47","Dresden University of Technology",13.7289964,51.0292734
"48","RWTH Aachen University",6.0656869,50.7800778
"49","University of Texas Health Science Center at San Antonio",-98.5756525,29.5078202
"50","Rensselaer Polytechnic Institute",-73.6788026,42.730172
"51","Paul Sabatier University - Toulouse III",1.4688585,43.5603781
"52","Durham University",-1.5782029,54.7649859
"53","University of Science and Technology of China",117.26217,31.838698
"54","University of Naples Federico II",14.2578058,40.845492
"55","Norwegian University of Science and Technology",10.402077,63.419499
"56","Umeå University",20.3116101,63.8215945
"57","University of Porto",-8.6156998,41.1465479
"58","Technical University of Berlin",13.3269446,52.5125322
"59","University of Liège",5.559064,50.5830803
"60","University of Hull",-0.3673875,53.7714552
"61","University of Louisville",-85.7601557,38.2150452
"62","Vita-Salute San Raffaele University",9.26735,45.506867
"63","Yokohama National University",139.592022,35.4729252
"64","St George's, University of London",-0.1745034,51.4271937
"65","University of Navarra",-1.6582784,42.8024726
"66","San Diego State University",-117.0718893,32.7757217
"67","University of Southern Denmark",10.4280674,55.3706746
"68","Eindhoven University of Technology",5.4907148,51.4486098
"69","Ben-Gurion University of the Negev",34.801461,31.262218
"70","University of Eastern Finland",29.744203,62.603598
"71","Kyung Hee University",127.052544,37.5961951
"72","Saarland University",7.040975,49.2550284
"73","Chiba University",140.1024122,35.6262467
"74","University of Bari Aldo Moro",16.8684745,41.1205546
"75","Aalto University",24.827682,60.1866693
"76","Simon Fraser University",-122.9198833,49.2780937
"77","Chalmers University of Technology",11.9777584,57.6883684
"78","Xi'an Jiaotong University",108.98371,34.250575
"79","Chonnam National University",NA,NA
"80","Chonbuk National University",127.1293628,35.8468291
"81","Kumamoto University",130.7278725,32.8140382
"82","Catholic University of the Sacred Heart",9.1771785,45.4621325
"83","Technical University of Madrid",-3.7192798,40.4486372
"84","Nagasaki University",129.8646586,32.7861288
"85","Niigata University",138.942539,37.86701
"86","Pompeu Fabra University",2.1790535,41.3793687
"87","Sogang University",126.9407529,37.5513365
"88","Gyeongsang National University",128.098095,35.15404
"89","Swedish University of Agricultural Sciences",17.6628688,59.814947
"90","University of Delhi",77.1638282,28.5842523
"91","University of Arkansas for Medical Sciences",-92.3199689,34.748553
"92","University of Twente",6.8524128,52.2410326
"93","Pontifical Catholic University of Chile",-70.6407933,-33.4411279
"94","Yokohama City University",139.618239,35.33385
"95","University of Hawaii at Manoa",-157.818968,21.3
"96","Shinshu University",137.9789403,36.2500574
"97","Jagiellonian University",19.9341074,50.0609623
"98","Texas Tech University (TTU)",-101.8782822,33.5842591
"99","Juntendo University",139.7608345,35.7021299
"100","University of Canterbury",172.5839233,-43.5235375
"101","Bielefeld University",8.4963449,52.0354177
"102","City University London",-0.1025445,51.5278249
"103","Martin Luther University of Halle-Wittenberg",11.9695316,51.4861319
"104","Graduate University for Advanced Studies",139.608389,35.261095
"105","Dongguk University",127.0007751,37.5575367
"106","SUNY Downstate Medical Center",-73.945734,40.6552459
"107","University of the Basque Country",-2.673645,42.838485
"108","University of Nice Sophia Antipolis",7.2896737,43.7099458
"109","Nihon University",139.7636583,35.6975498
"110","Royal Holloway, University of London",-0.5630625,51.425673
"111","Nagoya City University",136.934405,35.138965
"112","University of Tromsø - The Arctic University of Norway",18.9712162,69.6798027
"113","University Lille 1: Sciences and Technologies",3.138063,50.609049
"114","National Polytechnic Institute of Toulouse",1.4544087,43.6020384
"115","Plymouth University",-4.1406465,50.3745284
"116","International School for Advanced Studies",13.7739595,45.6802986
"117","Ehime University",132.7715089,33.8502377
"118","University of Los Andes (Colombia)",-74.065012,4.602968
"119","Tokai University",139.6845412,35.6644464
"120","Semmelweis University",19.0673266,47.4873553
"121","Dankook University",127.1267503,37.3215984
"122","Queensland University of Technology",153.0284231,-27.477356
"123","Deakin University",145.1149452,-37.8477381
"124","Tilburg University",5.0419736,51.5631406
"125","Inha University",126.653116,37.449627
"126","Chungnam National University",127.3459548,36.3699872
"127","Griffith University",153.053674,-27.5536791
"128","Catholic University of Korea",127.0043275,37.5859218
"129","University of Patras",21.7871827,38.28657
"130","Missouri University of Science and Technology",-91.7755727,37.953451
"131","University of Portsmouth",-1.0935686,50.7951287
"132","State University of New York Upstate Medical University",-76.1396943,43.0425431
"133","Rovira i Virgili University",1.260497,41.1196609
"134","Gifu University",136.7365752,35.4662236
"135","Hacettepe University",32.7299184,39.8705295
"136","Kindai University",135.587042,34.65123
"137","King Abdullah University of Science and Technology",39.104697,22.309465
"138","University of Insubria",8.827665,45.814548
"139","UNESP, São Paulo State University",-50.4374706,-22.6495713
"140","Jichi Medical University",139.860547,36.399763
"141","Marche Polytechnic University",13.5127759,43.6171442
"142","Aston University",-1.8902314,52.4869642
"143","University of the Balearic Islands",2.6438106,39.6392898
"144","San Francisco State University",-122.4782094,37.721897
"145","Kitasato University",139.72563,35.644758
"146","University of Cantabria",-3.804062,43.471405
"147","Mie University",136.523589,34.746053
"148","University of Évry Val d'Essonne",2.4259795,48.6249351
"149","Yamaguchi University",131.467635,34.147662
"150","Showa University",139.7037786,35.6082833
"151","North Dakota State University - Main Campus",-96.8013927,46.8921783
"152","Paul Valéry University, Montpellier III",3.8705564,43.6315656
"153","Wuhan University of Technology",114.356477,30.610732
"154","National Polytechnic Institute",-99.135402,19.496696
"155","Jikei University School of Medicine",139.7508176,35.6624661
"156","Yamagata University",140.3493705,38.2466122
"157","Inje University",128.90269,35.248712
"158","University of Caen Lower Normandy",-0.363888,49.188971
"159","University of Castilla–La Mancha",-3.9266844,38.9933175
"160","University of Electro-Communications",139.544066,35.6560445
"161","Yeungnam University",128.7575746,35.8322424
"162","Jawaharlal Nehru Centre for Advanced Scientific Research",77.6109456,13.0685451
"163","University of Perpignan Via Domitia",2.8988733,42.6820428
"164","University of Salento",18.1672669,40.3495599
"165","Fukuoka University",130.3649282,33.5483247
"166","Blaise Pascal University",3.1123259,45.7640856
"167","Bowling Green State University",-83.6300826,41.3797788
"168","Norwegian University of Life Sciences",10.7680122,59.6663589
"169","University of Picardie Jules Verne",2.263799,49.876407
"170","University of Hohenheim",9.2139326,48.7119251
"171","University of Eastern Piedmont Amedeo Avogadro",8.4185648,45.3290871
"172","Budapest University of Technology and Economics",19.0554834,47.4813261
"173","Jaume I University",-0.0689003,39.9945711
"174","Kangwon National University",127.743386,37.869984
"175","Wright State University - Dayton",-84.0635798,39.7814843
"176","Chungbuk National University",127.4583253,36.6282989
"177","Sejong University",127.075092,37.549035
"178","Chung-Ang University",126.956954,37.504147
"179","Chosun University",126.9312501,35.1405727
"180","Ritsumeikan University",135.7233044,35.0325561
"181","University of the Ryukyus",127.7651421,26.2475821
"182","Fluminense Federal University",-43.131309,-22.904648
"183","Bilkent University",32.7475962,39.8746147
"184","Saitama University",139.608483,35.8654477
"185","RMIT University",144.9639667,-37.8085495
"186","Hirosaki University",140.4724839,40.5894834
"187","Teikyo University",139.7145029,35.7592746
"188","University of Veterinary Medicine Vienna",16.4316619,48.2544223
"189","Huazhong Agricultural University",114.353035,30.475126
"190","Jean Monnet University",4.392985,45.424622
"191","Shimane University",133.0681164,35.4865462
"192","Gazi University",32.822951,39.942758
"193","National University of Colombia",-74.0840464,4.6381938
"194","Boğaziçi University",29.0510399,41.0847571
"195","Pukyong National University",129.1037235,35.1338105
"196","Federal University of Paraná",-49.2617658,-25.4269081
"197","Hallym University",127.7377722,37.8862292
"198","University of the Republic (Uruguay)",-56.1764642,-34.9022619
"199","Public University of Navarre",-1.6366142,42.8004323
"200","Jiangsu University",119.514279,32.19932
"201","University of Reims Champagne-Ardenne",4.04023,49.255799
"202","Chung Shan Medical University",120.650412,24.1225235
"203","Amirkabir University of Technology",51.4091693,35.7040861
"204","University of Valenciennes and Hainaut-Cambresis",3.5144706,50.3283586
"205","University of the Algarve",-7.9722079,37.0439713
"206","Federal University of Ceará",-38.539389,-3.741262
"207","Federico Santa María Technical University",-71.5956131,-33.0347298
"208","Fu Jen Catholic University",121.4327592,25.0362991
"209","Tarbiat Modares University",51.383872,35.7233975
"210","University of Puerto Rico at Mayagüez",-67.1391071,18.2110294
"211","University of Pau and Pays de l'Adour",-0.365746,43.3151242
"212","China Medical University (PRC)",123.412273,41.793213
"213","Federal University of ABC",-46.5284139,-23.6441964
"214","King Juan Carlos University",-3.8748922,40.3366526
"215","University of Maine (Le Mans)",0.1609863,48.0177311
"216","National Taipei University of Technology",121.5354983,25.0422138
"217","National University of Defense Technology",112.999835,28.2297114
"218","Columbia University",-73.9625727,40.8075355
"219","California Institute of Technology",-118.125269,34.1376576
"220","University of California, San Diego",-117.2340135,32.8800604
"221","University of Illinois at Urbana–Champaign",-88.2271615,40.1019523
"222","Keio University",139.7429376,35.6489643
"223","Waseda University",139.7208045,35.7092082
"224","Weizmann Institute of Science",34.811363,31.907867
"225","University of Pittsburgh - Pittsburgh Campus",-79.960835,40.4443533
"226","Rutgers University-New Brunswick",-74.4473991,40.5008186
"227","University of Paris-Sud",2.1764839,48.6976847
"228","Lomonosov Moscow State University",37.5286695,55.7039349
"229","University of British Columbia",-123.2459939,49.2606052
"230","Pierre-and-Marie-Curie University",2.357499,48.8471036
"231","Tohoku University",140.874074,38.253834
"232","University of Rochester",-77.6260033,43.1305531
"233","Erasmus University Rotterdam",4.525585,51.91752
"234","University of Texas MD Anderson Cancer Center",-95.3969227,29.7071429
"235","Yonsei University",126.938572,37.565784
"236","Kyushu University",130.4250445,33.6266584
"237","Mines ParisTech",2.339632,48.845585
"238","Case Western Reserve University",-81.6083838,41.5043413
"239","Tokyo Institute of Technology",139.6835302,35.6051229
"240","Uppsala University",17.6300093,59.8509005
"241","Nagoya University",136.967573,35.153491
"242","University of São Paulo",-46.7307891,-23.5613991
"243","Technion – Israel Institute of Technology",35.0231271,32.7767783
"244","University of Nottingham",-1.1951582,52.938636
"245","Korea Advanced Institute of Science and Technology (KAIST)",127.3640249,36.3693921
"246","Université libre de Bruxelles",4.3822222,50.8132068
"247","Indiana University-Purdue University Indianapolis",-86.176177,39.774162
"248","University of Göttingen",9.9374004,51.5408116
"249","University of Massachusetts Medical School",-71.7610714,42.2772479
"250","Joseph Fourier University",4.915197,44.91763
"251","University of Liverpool",-2.9655722,53.405936
"252","Dresden University of Technology",13.7289964,51.0292734
"253","Karlsruhe Institute of Technology",8.4170303,49.0119199
"254","University of California, Riverside",-117.3280644,33.9737055
"255","University of Tennessee, Knoxville",-83.9294564,35.9544013
"256","Complutense University of Madrid",-3.7285872,40.4478246
"257","RWTH Aachen University",6.0656869,50.7800778
"258","North Carolina State University",-78.6820946,35.7846633
"259","University of Texas Health Science Center at San Antonio",-98.5756525,29.5078202
"260","Paul Sabatier University - Toulouse III",1.4688585,43.5603781
"261","University of Science and Technology of China",117.26217,31.838698
"262","Norwegian University of Science and Technology",10.402077,63.419499
"263","Durham University",-1.5782029,54.7649859
"264","University of Naples Federico II",14.2578058,40.845492
"265","Rensselaer Polytechnic Institute",-73.6788026,42.730172
"266","Umeå University",20.3116101,63.8215945
"267","University of Louisville",-85.7601557,38.2150452
"268","University of Porto",-8.6156998,41.1465479
"269","University of Liège",5.559064,50.5830803
"270","Vita-Salute San Raffaele University",9.26735,45.506867
"271","University of Navarra",-1.6582784,42.8024726
"272","St George's, University of London",-0.1745034,51.4271937
"273","Technical University of Berlin",13.3269446,52.5125322
"274","Eindhoven University of Technology",5.4907148,51.4486098
"275","Ben-Gurion University of the Negev",34.801461,31.262218
"276","University of Oklahoma - Norman Campus",-97.4457137,35.2058936
"277","University of Southern Denmark",10.4280674,55.3706746
"278","San Diego State University",-117.0718893,32.7757217
"279","Simon Fraser University",-122.9198833,49.2780937
"280","University of Eastern Finland",29.744203,62.603598
"281","Saarland University",7.040975,49.2550284
"282","Pompeu Fabra University",2.1790535,41.3793687
"283","Pontifical Catholic University of Chile",-70.6407933,-33.4411279
"284","University of Bari Aldo Moro",16.8684745,41.1205546
"285","University of Delhi",77.1638282,28.5842523
"286","Chonnam National University",NA,NA
"287","Catholic University of the Sacred Heart",9.1771785,45.4621325
"288","Xi'an Jiaotong University",108.98371,34.250575
"289","Kyung Hee University",127.052544,37.5961951
"290","Chalmers University of Technology",11.9777584,57.6883684
"291","University of Twente",6.8524128,52.2410326
"292","Swedish University of Agricultural Sciences",17.6628688,59.814947
"293","Chiba University",140.1024122,35.6262467
"294","Kumamoto University",130.7278725,32.8140382
"295","Aalto University",24.827682,60.1866693
"296","Chonbuk National University",127.1293628,35.8468291
"297","University of Arkansas for Medical Sciences",-92.3199689,34.748553
"298","Gyeongsang National University",128.098095,35.15404
"299","Technical University of Madrid",-3.7192798,40.4486372
"300","Jagiellonian University",19.9341074,50.0609623
"301","Bielefeld University",8.4963449,52.0354177
"302","Juntendo University",139.7608345,35.7021299
"303","Niigata University",138.942539,37.86701
"304","Texas Tech University (TTU)",-101.8782822,33.5842591
"305","Nihon University",139.7636583,35.6975498
"306","Osaka City University",135.505417,34.5919232
"307","University of the Basque Country",-2.673645,42.838485
"308","Nagasaki University",129.8646586,32.7861288
"309","University of Hawaii at Manoa",-157.818968,21.3
"310","Martin Luther University of Halle-Wittenberg",11.9695316,51.4861319
"311","University of Nice Sophia Antipolis",7.2896737,43.7099458
"312","University of Hull",-0.3673875,53.7714552
"313","Catholic University of Korea",127.0043275,37.5859218
"314","Yokohama City University",139.618239,35.33385
"315","SUNY Downstate Medical Center",-73.945734,40.6552459
"316","Yokohama National University",139.592022,35.4729252
"317","Graduate University for Advanced Studies",139.608389,35.261095
"318","University of Tromsø - The Arctic University of Norway",18.9712162,69.6798027
"319","Shinshu University",137.9789403,36.2500574
"320","University of Canterbury",172.5839233,-43.5235375
"321","Royal Holloway, University of London",-0.5630625,51.425673
"322","City University London",-0.1025445,51.5278249
"323","Dongguk University",127.0007751,37.5575367
"324","University Lille 1: Sciences and Technologies",3.138063,50.609049
"325","International School for Advanced Studies",13.7739595,45.6802986
"326","Inha University",126.653116,37.449627
"327","Deakin University",145.1149452,-37.8477381
"328","National Polytechnic Institute of Toulouse",1.4544087,43.6020384
"329","Sogang University",126.9407529,37.5513365
"330","Plymouth University",-4.1406465,50.3745284
"331","University of Portsmouth",-1.0935686,50.7951287
"332","Nagoya City University",136.934405,35.138965
"333","Griffith University",153.053674,-27.5536791
"334","Semmelweis University",19.0673266,47.4873553
"335","Queensland University of Technology",153.0284231,-27.477356
"336","Tokai University",139.6845412,35.6644464
"337","Chungnam National University",127.3459548,36.3699872
"338","University of Eastern Piedmont Amedeo Avogadro",8.4185648,45.3290871
"339","Hacettepe University",32.7299184,39.8705295
"340","State University of New York Upstate Medical University",-76.1396943,43.0425431
"341","University of Patras",21.7871827,38.28657
"342","Rovira i Virgili University",1.260497,41.1196609
"343","Ehime University",132.7715089,33.8502377
"344","University of Los Andes (Colombia)",-74.065012,4.602968
"345","Yamaguchi University",131.467635,34.147662
"346","University of the Balearic Islands",2.6438106,39.6392898
"347","Marche Polytechnic University",13.5127759,43.6171442
"348","UNESP, São Paulo State University",-50.4374706,-22.6495713
"349","Gifu University",136.7365752,35.4662236
"350","University of Insubria",8.827665,45.814548
"351","Wuhan University of Technology",114.356477,30.610732
"352","Tilburg University",5.0419736,51.5631406
"353","King Abdullah University of Science and Technology",39.104697,22.309465
"354","University of Cantabria",-3.804062,43.471405
"355","San Francisco State University",-122.4782094,37.721897
"356","Missouri University of Science and Technology",-91.7755727,37.953451
"357","Aston University",-1.8902314,52.4869642
"358","Jichi Medical University",139.860547,36.399763
"359","Kitasato University",139.72563,35.644758
"360","Kindai University",135.587042,34.65123
"361","University of Castilla–La Mancha",-3.9266844,38.9933175
"362","Paul Valéry University, Montpellier III",3.8705564,43.6315656
"363","University of Évry Val d'Essonne",2.4259795,48.6249351
"364","National Research Nuclear University MEPhI",37.6638741,55.649567
"365","Chung-Ang University",126.956954,37.504147
"366","Yamagata University",140.3493705,38.2466122
"367","University of Picardie Jules Verne",2.263799,49.876407
"368","University of Salento",18.1672669,40.3495599
"369","Blaise Pascal University",3.1123259,45.7640856
"370","Yeungnam University",128.7575746,35.8322424
"371","Jikei University School of Medicine",139.7508176,35.6624661
"372","Jawaharlal Nehru Centre for Advanced Scientific Research",77.6109456,13.0685451
"373","Mie University",136.523589,34.746053
"374","National Polytechnic Institute",-99.135402,19.496696
"375","Norwegian University of Life Sciences",10.7680122,59.6663589
"376","North Dakota State University - Main Campus",-96.8013927,46.8921783
"377","University of Hohenheim",9.2139326,48.7119251
"378","University of Caen Lower Normandy",-0.363888,49.188971
"379","Showa University",139.7037786,35.6082833
"380","Chungbuk National University",127.4583253,36.6282989
"381","Jaume I University",-0.0689003,39.9945711
"382","Bowling Green State University",-83.6300826,41.3797788
"383","Kangwon National University",127.743386,37.869984
"384","Inje University",128.90269,35.248712
"385","Budapest University of Technology and Economics",19.0554834,47.4813261
"386","University of Perpignan Via Domitia",2.8988733,42.6820428
"387","Wright State University - Dayton",-84.0635798,39.7814843
"388","Dankook University",127.1267503,37.3215984
"389","Boğaziçi University",29.0510399,41.0847571
"390","University of Electro-Communications",139.544066,35.6560445
"391","Bilkent University",32.7475962,39.8746147
"392","University of Veterinary Medicine Vienna",16.4316619,48.2544223
"393","Gazi University",32.822951,39.942758
"394","University of the Ryukyus",127.7651421,26.2475821
"395","Huazhong Agricultural University",114.353035,30.475126
"396","Fukuoka University",130.3649282,33.5483247
"397","University of the Republic (Uruguay)",-56.1764642,-34.9022619
"398","Sejong University",127.075092,37.549035
"399","RMIT University",144.9639667,-37.8085495
"400","Chosun University",126.9312501,35.1405727
"401","Jean Monnet University",4.392985,45.424622
"402","Pukyong National University",129.1037235,35.1338105
"403","Shimane University",133.0681164,35.4865462
"404","Teikyo University",139.7145029,35.7592746
"405","Saitama University",139.608483,35.8654477
"406","Tarbiat Modares University",51.383872,35.7233975
"407","Fluminense Federal University",-43.131309,-22.904648
"408","University of Lethbridge",-112.8594482,49.6786466
"409","Ritsumeikan University",135.7233044,35.0325561
"410","Federal University of Paraná",-49.2617658,-25.4269081
"411","Hirosaki University",140.4724839,40.5894834
"412","Jiangsu University",119.514279,32.19932
"413","Gachon University",127.1288474,37.4507452
"414","Hallym University",127.7377722,37.8862292
"415","Amirkabir University of Technology",51.4091693,35.7040861
"416","Public University of Navarre",-1.6366142,42.8004323
"417","Federico Santa María Technical University",-71.5956131,-33.0347298
"418","Federal University of ABC",-46.5284139,-23.6441964
"419","University of Puerto Rico at Mayagüez",-67.1391071,18.2110294
"420","University of Valenciennes and Hainaut-Cambresis",3.5144706,50.3283586
"421","Chung Shan Medical University",120.650412,24.1225235
"422","National University of Colombia",-74.0840464,4.6381938
"423","Fu Jen Catholic University",121.4327592,25.0362991
"424","University of Reims Champagne-Ardenne",4.04023,49.255799
"425","China Medical University (PRC)",123.412273,41.793213
"426","Babeș-Bolyai University",23.5912762,46.7677955
"427","University of Pau and Pays de l'Adour",-0.365746,43.3151242
"428","University of the Algarve",-7.9722079,37.0439713
"429","Federal University of Ceará",-38.539389,-3.741262
